INSERT INTO public."Categoria"("categoriaId", "numeroEstrella")VALUES (1,1);INSERT INTO public."Categoria"("categoriaId", "numeroEstrella")VALUES (2,2);INSERT INTO public."Categoria"("categoriaId", "numeroEstrella")VALUES (3,3);INSERT INTO public."Categoria"("categoriaId", "numeroEstrella")VALUES (4,4);INSERT INTO public."Categoria"("categoriaId", "numeroEstrella")VALUES (5, 5);INSERT INTO public."Foto"("fotoId", url,extension)VALUES (1, 'fotoRandom','png');INSERT INTO public."Foto"("fotoId", url,extension)VALUES (2, 'fotoRandom','jpg');INSERT INTO public."Pais"("paisId", nombre)VALUES (1, 'Argentina');INSERT INTO public."Pais"("paisId", nombre)VALUES (2, 'Italia');INSERT INTO public."Pais"("paisId", nombre)VALUES (3, 'Alemania');INSERT INTO public."Pais"("paisId", nombre)VALUES (4, 'Brasil');INSERT INTO public."Pais"("paisId", nombre)VALUES (5, 'Mexico');INSERT INTO public."Pais"("paisId", nombre)VALUES (6, 'EEUU');INSERT INTO public."Provincia"("provinciaId", nombre, "paisId")VALUES (1, 'Buenos Aires',1);INSERT INTO public."Provincia"("provinciaId", nombre, "paisId")VALUES (3, 'Santa Cruz',1);INSERT INTO public."Provincia"("provinciaId", nombre, "paisId")VALUES (4, 'Jujuy',1);INSERT INTO public."Provincia"("provinciaId", nombre, "paisId")VALUES (5, 'Florencia',2);INSERT INTO public."Provincia"("provinciaId", nombre, "paisId")VALUES (6, 'Berlin',3);INSERT INTO public."Provincia"("provinciaId", nombre, "paisId")VALUES (7, 'Brasilia',4);INSERT INTO public."Provincia"("provinciaId", nombre, "paisId")VALUES (8, 'Salta',1);INSERT INTO public."Provincia"("provinciaId", nombre, "paisId")VALUES (16, 'San Luis',1);INSERT INTO public."Provincia"("provinciaId", nombre, "paisId")VALUES (17, 'Roma',2);INSERT INTO public."Provincia"("provinciaId", nombre, "paisId")VALUES (18, 'Floripa',4);INSERT INTO public."Provincia"("provinciaId", nombre, "paisId")VALUES (21, 'Miami',6);INSERT INTO public."Ciudad"("ciudadId", nombre, "provinciaId")VALUES (1, 'La Plata',1);INSERT INTO public."Ciudad"("ciudadId", nombre, "provinciaId")VALUES (2, 'San Martin',1);INSERT INTO public."Ciudad"("ciudadId", nombre, "provinciaId")VALUES (3, 'Vicente',3);INSERT INTO public."Rol"("rolId", descripcion)VALUES (1, 'cliente');INSERT INTO public."Rol"("rolId", descripcion)VALUES (2, 'admin');INSERT INTO public."ServicioPago"("servicioPagoId", nombre)VALUES (1, 'cbu');INSERT INTO public."ServicioPago"("servicioPagoId", nombre)VALUES (2, 'tarjeta');INSERT INTO public."ServicioPago"("servicioPagoId", nombre)VALUES (3, 'transferencia');INSERT INTO  public."Alojamiento" ("alojamientoId", nombre, latitud, longitud, precio, descripcion, "ciudadId", "fotoId", "horarioCheckIn", "horarioCheckOut", disponible, "categoriaId") VALUES (1,'Cesar Plaza',11-11-11,12-12-12,12000,'hermoso',1	,1	,12,	24	,'t'	,5);INSERT INTO public."Alojamiento" ("alojamientoId", nombre, latitud, longitud, precio, descripcion, "ciudadId", "fotoId", "horarioCheckIn", "horarioCheckOut", disponible, "categoriaId") VALUES(3,'Juachito',	10-10-10,	13-13-13,	6000,	'Se puede dormir',	2,	1,	8,	20,	't',	2)INSERT INTO public."Alojamiento" ("alojamientoId", nombre, latitud, longitud, precio, descripcion, "ciudadId", "fotoId", "horarioCheckIn", "horarioCheckOut", disponible, "categoriaId") VALUES(2,'Loma Negra',	10-10-10,	12-12-12,	8000,	'Esta bien',	2,	1,	10,	22,	't',	3)